Top pages,Clicks,Impressions,CTR,Position
https://www.w-electro.com/,44,994,4.43%,6.95
https://www.w-electro.com/image-tools,3,182,1.65%,8.57
https://www.w-electro.com/pdf-tools,2,166,1.2%,9.77
https://www.w-electro.com/qr-generator,2,85,2.35%,13.67
https://www.w-electro.com/academic-services,1,17,5.88%,7
https://www.w-electro.com/promo.html,1,15,6.67%,5.87
https://www.w-electro.com/terms-and-conditions.html,0,39,0%,5.74
https://www.w-electro.com/ocr.html,0,17,0%,7.41
https://www.w-electro.com/privacy-policy.html,0,16,0%,10.75
https://www.w-electro.com/barcode-generator,0,9,0%,8.67
https://www.w-electro.com/tools,0,7,0%,6.29
https://www.w-electro.com/academic-services.html,0,3,0%,3.67
https://www.w-electro.com/security-tools,0,3,0%,10.33
https://www.w-electro.com/design-tools,0,3,0%,12
https://www.w-electro.com/text-tools,0,3,0%,13.67
https://www.w-electro.com/general-services.html,0,2,0%,2
https://w-electro.com/,0,1,0%,2